INSERT INTO loja.categoria (Nome_Categoria) VALUES
('Camisetas'),
('Calças'),
('Casacos'),
('Sapatos'),
('Acessórios'),
('Roupas Casuais'),
('Roupas Formais'),
('Roupas de Inverno');

INSERT INTO loja.cliente (Nome, Endereco, Telefone, Email) VALUES
('João Silva', 'Oinda', '11999990001', 'joao.silva@email.com'),
('Maria Souza', 'Oinda', '11999990002', 'maria.souza@email.com'),
('Carlos Pereira', 'Oinda', '11999990003', 'carlos.pereira@email.com'),
('Ana Lima', 'Oinda', '11999990004', 'ana.lima@email.com'),
('Bruno Costa', 'Oinda', '11999990005', 'bruno.costa@email.com'),
('Clara Martins', 'Recife', '11999990006', 'clara.martins@email.com'),
('Lucas Almeida', 'Recife', '11999990007', 'lucas.almeida@email.com'),
('Fernanda Rocha', 'Recife', '11999990008', 'fernanda.rocha@email.com'),
('Ricardo Gomes', 'Recife', '11999990009', 'ricardo.gomes@email.com'),
('Juliana Dias', 'Recife', '11999990010', 'juliana.dias@email.com'),
('Mateus Ferreira', 'Porto de Galinhas', '11999990011', 'mateus.ferreira@email.com'),
('Patrícia Santos', 'Recife', '11999990012', 'patricia.santos@email.com'),
('Gustavo Lima', 'Recife', '11999990013', 'gustavo.lima@email.com'),
('Mariana Oliveira', 'Recife', '11999990014', 'mariana.oliveira@email.com'),
('Rafael Pereira', 'Recife', '11999990015', 'rafael.pereira@email.com'),
('Sofia Martins', 'Recife', '11999990016', 'sofia.martins@email.com'),
('Danilo Carvalho', 'Recife', '11999990017', 'danilo.carvalho@email.com'),
('Isabela Ferreira', 'Recife', '11999990018', 'isabela.ferreira@email.com'),
('Thiago Rocha', 'Recife', '11999990019', 'thiago.rocha@email.com'),
('Viviane Costa', 'Recife', '11999990020', 'viviane.costa@email.com'),
('Luiz Henrique', 'Recife', '11999990021', 'luiz.henrique@email.com'),
('Tatiane Alves', 'Recife', '11999990022', 'tatiane.alves@email.com'),
('Fábio Lima', 'São Lourenço da Mata', '11999990023', 'fabio.lima@email.com'),
('Cynthia Silva', 'São Lourenço da Mata', '11999990024', 'cynthia.silva@email.com'),
('Otávio Mendes', 'São Lourenço da Mata', '11999990025', 'otavio.mendes@email.com'),
('Michele Santos', 'São Lourenço da Mata', '11999990026', 'michele.santos@email.com'),
('Roberto Lima', 'São Lourenço da Mata', '11999990027', 'roberto.lima@email.com'),
('Karla Dias', 'Caruaru', '11999990028', 'karla.dias@email.com'),
('Samuel Rocha', 'Caruaru', '11999990029', 'samuel.rocha@email.com'),
('Tatiane Ferreira', 'Caruaru', '11999990030', 'tatiane.ferreira@email.com'),
('Filipe Almeida', 'Caruaru', '11999990031', 'filipe.almeida@email.com'),
('Ricardo Silva', 'Caruaru', '11999990032', 'ricardo.silva@email.com'),
('Luciana Gomes', 'Caruaru', '11999990033', 'luciana.gomes@email.com'),
('Walter Costa', 'Caruaru', '11999990034', 'walter.costa@email.com'),
('Sérgio Santos', 'Caruaru', '11999990035', 'sergio.santos@email.com'),
('Lilian Lima', 'Jaboatão dos Guararapes', '11999990036', 'lilian.lima@email.com'),
('Fernando Dias', 'Jaboatão dos Guararapes', '11999990037', 'fernando.dias@email.com'),
('Bruno Almeida', 'Jaboatão dos Guararapes', '11999990038', 'bruno.almeida@email.com'),
('Aline Ferreira', 'Jaboatão dos Guararapes', '11999990039', 'aline.ferreira@email.com'),
('José Oliveira', 'Jaboatão dos Guararapes', '11999990040', 'jose.oliveira@email.com'),
('Ariane Rocha', 'Jaboatão dos Guararapes', '11999990041', 'ariane.rocha@email.com'),
('Bárbara Costa', 'Jaboatão dos Guararapes', '11999990042', 'barbara.costa@email.com'),
('Cláudio Lima', 'Jaboatão dos Guararapes', '11999990043', 'claudio.lima@email.com'),
('Diana Martins', 'Jaboatão dos Guararapes', '11999990044', 'diana.martins@email.com'),
('Emanuel Santos', 'Jaboatão dos Guararapes', '11999990045', 'emanuel.santos@email.com'),
('Fábia Souza', 'Jaboatão dos Guararapes', '11999990046', 'fabia.souza@email.com'),
('Hugo Almeida', 'Natal', '11999990047', 'hugo.almeida@email.com'),
('Igor Ferreira', 'Natal', '11999990048', 'igor.ferreira@email.com'),
('Jaqueline Lima', 'Natal', '11999990049', 'jaqueline.lima@email.com'),
('Kátia Dias', 'Natal', '11999990050', 'katia.dias@email.com'),
('Luan Santos', 'Porto de Galinhas', '11999990051', 'luan.santos@email.com'),
('Marcel Rodrigues', 'Porto de Galinhas', '11999990052', 'marcel.rodrigues@email.com'),
('Nina Alves', 'Porto de Galinhas', '11999990053', 'nina.alves@email.com'),
('Olavo Ferreira', 'Fortaleza', '11999990054', 'olavo.ferreira@email.com'),
('Paula Lima', 'Fortaleza', '11999990055', 'paula.lima@email.com'),
('Quiteria Gomes', 'Fortaleza', '11999990056', 'quiteria.gomes@email.com'),
('Rodrigo Alves', 'Fortaleza', '11999990057', 'rodrigo.alves@email.com'),
('Sabrina Martins', 'Fortaleza', '11999990058', 'sabrina.martins@email.com'),
('Tiago Silva', 'João Pessoa', '11999990059', 'tiago.silva@email.com'),
('Ursula Rocha', 'João Pessoa', '11999990060', 'ursula.rocha@email.com'),
('Vinícius Santos', 'João Pessoa', '11999990061', 'vinicius.santos@email.com'),
('Wanda Lima', 'João Pessoa', '11999990062', 'wanda.lima@email.com');

INSERT INTO loja.funcionario (Nome, Cargo, Contato) VALUES
('Ana Lima', 'Gerente', '11999990011'),
('Bruno Costa', 'Vendedor', '11999990012'),
('Clara Martins', 'Caixa', '11999990013'),
('Eduardo Silva', 'Vendedor', '11999990014'),
('Fernanda Costa', 'Gerente', '11999990015'),
('Gustavo Santos', 'Atendente', '11999990016'),
('Hugo Almeida', 'Estoquista', '11999990017'),
('Irene Dias', 'Vendedora', '11999990018'),
('João Pedro', 'Caixa', '11999990019'),
('Karla Ribeiro', 'Gerente', '11999990020');

INSERT INTO loja.fornecedor (cnpj, Nome, Telefone, Email) VALUES
('10.101.101/0001-01', 'Nike', '11999990001', 'contato@nike.com'),
('20.202.202/0001-02', 'Adidas', '11999990002', 'contato@adidas.com'),
('30.303.303/0001-03', 'Puma', '11999990003', 'contato@puma.com'),
('40.404.404/0001-04', 'Reebok', '11999990004', 'contato@reebok.com'),
('50.505.505/0001-05', 'Under Armour', '11999990005', 'contato@underarmour.com'),
('60.606.606/0001-06', 'New Balance', '11999990006', 'contato@newbalance.com'),
('70.707.707/0001-07', 'Asics', '11999990007', 'contato@asics.com'),
('80.808.808/0001-08', 'Lacoste', '11999990008', 'contato@lacoste.com'),
('90.909.909/0001-09', 'Levi’s', '11999990009', 'contato@levis.com'),
('01.010.101/0001-10', 'Dockers', '11999990010', 'contato@dockers.com'),
('02.020.202/0001-11', 'Hugo Boss', '11999990011', 'contato@hugoboss.com'),
('03.030.303/0001-12', 'Gucci', '11999990012', 'contato@gucci.com'),
('04.040.404/0001-13', 'Ralph Lauren', '11999990013', 'contato@ralphlauren.com'),
('05.050.505/0001-14', 'Burberry', '11999990014', 'contato@burberry.com'),
('06.060.606/0001-15', 'Uniqlo', '11999990015', 'contato@uniqlo.com'),
('07.070.707/0001-16', 'Columbia', '11999990016', 'contato@columbia.com');


INSERT INTO loja.produto (Nome_Produto, Descricao, Preco, Tamanho, Cor, Marca, ID_Categoria) VALUES
-- Camisetas
('Air Max Tee', 'Camiseta esportiva leve', 100.00, 'M', 'Preto', 'Nike', 1),
('Ultraboost Tee', 'Camiseta casual respirável', 80.00, 'G', 'Branco', 'Adidas', 1),
('Future Graphic Tee', 'Camiseta com estampa moderna', 90.00, 'P', 'Azul', 'Puma', 1),
('Nano Performance Tee', 'Camiseta para atividades físicas intensas', 95.00, 'M', 'Verde', 'Reebok', 1),
('UA Seamless Tee', 'Camiseta sem costura', 110.00, 'G', 'Cinza', 'Under Armour', 1),
('574 Sport Tee', 'Camiseta inspirada no modelo 574', 85.00, 'P', 'Rosa', 'New Balance', 1),
('Gel-Nimbus Tee', 'Camiseta para corredores', 120.00, 'M', 'Laranja', 'Asics', 1),

-- Calças
('Tiro Track Pants', 'Calça de treino esportivo', 150.00, '42', 'Preto', 'Adidas', 2),
('Fleece Joggers', 'Calça casual de fleece', 140.00, '40', 'Azul', 'Nike', 2),
('Evostripe Pants', 'Calça ergonômica', 135.00, '38', 'Branco', 'Puma', 2),
('LES MILLS Joggers', 'Calça leve para treino', 155.00, '42', 'Verde', 'Reebok', 2),
('UA Storm Joggers', 'Calça impermeável', 165.00, '40', 'Cinza', 'Under Armour', 2),
('Fresh Foam Joggers', 'Calça macia e confortável', 145.00, '38', 'Preto', 'New Balance', 2),
('Metarun Pants', 'Calça para corrida', 170.00, '42', 'Rosa', 'Asics', 2),

-- Casacos
('Windrunner Jacket', 'Casaco resistente ao vento', 250.00, 'M', 'Preto', 'Nike', 3),
('Essentials Hoodie', 'Moletom casual', 230.00, 'G', 'Branco', 'Adidas', 3),
('Puma Fleece Jacket', 'Casaco de lã leve', 240.00, 'P', 'Azul', 'Puma', 3),
('Graphene Warm Jacket', 'Casaco térmico', 255.00, 'M', 'Verde', 'Reebok', 3),
('UA ColdGear Jacket', 'Casaco para temperaturas baixas', 265.00, 'G', 'Cinza', 'Under Armour', 3),
('NB Heat Loft', 'Casaco isolante', 245.00, 'P', 'Rosa', 'New Balance', 3),
('GT Metarun Jacket', 'Casaco de corrida', 270.00, 'M', 'Laranja', 'Asics', 3),

-- Sapatos
('Jordan 1 Retro', 'Tênis clássico', 300.00, '42', 'Preto', 'Nike', 4),
('Stan Smith Original', 'Tênis casual icônico', 280.00, '40', 'Branco', 'Adidas', 4),
('Puma Suede', 'Tênis de camurça', 290.00, '38', 'Verde', 'Puma', 4),
('Reebok Classic Club C', 'Tênis clássico de couro', 310.00, '42', 'Cinza', 'Reebok', 4),
('HOVR Sonic', 'Tênis leve e responsivo', 320.00, '40', 'Preto', 'Under Armour', 4),
('NB 997H Sport', 'Tênis casual moderno', 300.00, '38', 'Rosa', 'New Balance', 4),
('Gel-Kayano 30', 'Tênis de corrida estável', 330.00, '42', 'Laranja', 'Asics', 4),

-- Acessórios
('Nike Vision Sunglasses', 'Óculos de sol esportivo', 250.00, NULL, 'Preto', 'Nike', 5),
('Adidas Performance Glasses', 'Óculos esportivo leve', 230.00, NULL, 'Branco', 'Adidas', 5),
('Puma Sport Shades', 'Óculos com proteção UV', 240.00, NULL, 'Verde', 'Puma', 5),
('Reebok Combat Gloves', 'Luvas para treino pesado', 55.00, NULL, 'Verde', 'Reebok', 5),
('Nike Smartwatch', 'Relógio inteligente esportivo', 400.00, NULL, 'Preto', 'Nike', 5),
('NB Sport Gloves', 'Luvas para corrida', 50.00, NULL, 'Rosa', 'New Balance', 5),
('Asics Running Cap', 'Boné para corrida', 65.00, NULL, 'Laranja', 'Asics', 5),

-- Roupas Casuais
('Classic Polo', 'Camisa polo casual', 120.00, 'M', 'Branco', 'Lacoste', 6),
('Denim Jacket', 'Jaqueta jeans', 180.00, 'G', 'Azul', 'Levi’s', 6),
('Chino Pants', 'Calça de sarja', 150.00, '42', 'Bege', 'Dockers', 6),

-- Roupas Formais
('Tailored Suit', 'Terno sob medida', 900.00, 'M', 'Preto', 'Hugo Boss', 7),
('Silk Tie', 'Gravata de seda', 90.00, NULL, 'Vermelho', 'Gucci', 7),
('Oxford Shirt', 'Camisa social', 130.00, 'M', 'Branco', 'Ralph Lauren', 7),

-- Roupas de Inverno
('Wool Coat', 'Casaco de lã', 500.00, 'G', 'Cinza', 'Burberry', 8),
('Thermal Sweater', 'Suéter térmico', 200.00, 'P', 'Preto', 'Uniqlo', 8),
('Snow Pants', 'Calça para neve', 300.00, '40', 'Branco', 'Columbia', 8);


INSERT INTO loja.estoque (ID_Estoque, ID_Produto, Quantidade, Data_Entrada, Data_Saida) VALUES
(1, 1, 100, '2024-01-01', '2024-10-01'),
(2, 2, 80, '2024-01-02', '2024-10-02'),
(3, 3, 60, '2024-01-03', '2024-10-03'),
(4, 4, 70, '2024-01-04', '2024-10-04'),
(5, 5, 50, '2024-01-05', '2024-10-05'),
(6, 6, 90, '2024-01-06', '2024-06-06'),
(7, 7, 40, '2024-01-07', '2024-06-07'),
(8, 8, 30, '2024-01-08', '2024-06-08'),
(9, 9, 50, '2024-01-09', '2024-06-09'),
(10, 10, 80, '2024-01-10', '2024-08-10'),
(11, 11, 60, '2024-01-11', '2024-08-11'),
(12, 12, 70, '2024-01-12', '2024-08-12'),
(13, 13, 50, '2024-01-13', '2024-08-13'),
(14, 14, 40, '2024-01-14', '2024-01-14'),
(15, 15, 90, '2024-01-15', '2024-01-15'),
(16, 16, 100, '2024-01-16', '2024-01-16'),
(17, 17, 30, '2024-01-17', '2024-03-17'),
(18, 18, 40, '2024-01-18', '2024-03-18'),
(19, 19, 50, '2024-01-19', '2024-03-19'),
(20, 20, 60, '2024-01-20', '2024-08-20'),
(21, 21, 70, '2024-01-21', '2024-08-21'),
(22, 22, 80, '2024-01-22', '2024-08-22'),
(23, 23, 60, '2024-01-23', '2024-08-23'),
(24, 24, 70, '2024-01-24', '2024-08-24'),
(25, 25, 50, '2024-01-25', '2024-08-25'),
(26, 26, 40, '2024-01-26', '2024-01-26'),
(28, 28, 100, '2024-01-28', '2024-01-28'),
(29, 29, 30, '2024-01-29', '2024-01-29'),
(30, 30, 40, '2024-01-30', '2024-01-30'),
(31, 31, 50, '2024-01-31', '2024-01-31'),
(32, 32, 60, '2024-02-01', '2024-02-01'),
(33, 33, 70, '2024-02-02', '2024-02-02'),
(34, 34, 80, '2024-02-03', '2024-02-03'),
(35, 35, 60, '2024-02-04', '2024-02-04'),
(36, 36, 70, '2024-02-05', '2024-02-05'),
(37, 37, 50, '2024-02-06', '2024-05-06'),
(38, 38, 40, '2024-02-07', '2024-02-07'),
(39, 39, 90, '2024-02-08', '2024-07-08'),
(40, 40, 100, '2024-02-09', '2024-09-09'),
(41, 41, 30, '2024-02-10', '2024-10-10'),
(42, 42, 40, '2024-02-11', '2024-03-11'),
(43, 43, 50, '2024-02-12', '2024-02-12'),
(44, 44, 60, '2024-02-13', '2024-05-13');

INSERT INTO loja.venda (Data_Venda, ID_Cliente, ID_Funcionario, Total_Venda, Desconto, Forma_Pagamento, Status_Entrega) VALUES
('2024-10-01', 1, 1, 120.00, 30.00, 'Cartão', 'Pendente'),
('2024-10-02', 2, 2, 100.00, 15.00, 'Boleto', 'Entregue'),
('2024-10-03', 3, 3, 110.00, 20.00, 'Pix', 'Cancelada'),
('2024-10-04', 4, 4, 115.00, 25.00, 'Dinheiro', 'Pendente'),
('2024-10-05', 5, 5, 130.00, 40.00, 'Cartão', 'Entregue'),
('2024-06-06', 6, 6, 95.00, 20.00, 'Pix', 'Pendente'),
('2024-06-07', 7, 7, 140.00, 30.00, 'Cartão', 'Entregue'),
('2024-06-08', 8, 8, 160.00, 35.00, 'Boleto', 'Cancelada'),
('2024-06-09', 9, 9, 150.00, 25.00, 'Dinheiro', 'Entregue'),
('2024-08-10', 10, 10, 145.00, 30.00, 'Cartão', 'Pendente'),
('2024-08-11', 11, 1, 165.00, 40.00, 'Boleto', 'Entregue'),
('2024-08-12', 12, 2, 175.00, 50.00, 'Pix', 'Pendente'),
('2024-08-13', 13, 3, 155.00, 30.00, 'Dinheiro', 'Cancelada'),
('2024-01-14', 14, 4, 180.00, 30.00, 'Cartão', 'Entregue'),
('2024-01-15', 15, 5, 200.00, 60.00, 'Pix', 'Pendente'),
('2024-01-16', 16, 6, 220.00, 75.00, 'Dinheiro', 'Entregue'),
('2024-03-17', 17, 7, 250.00, 90.00, 'Cartão', 'Cancelada'),
('2024-03-18', 18, 8, 280.00, 100.00, 'Boleto', 'Pendente'),
('2024-03-19', 19, 9, 300.00, 120.00, 'Pix', 'Entregue'),
('2024-08-20', 20, 10, 320.00, 130.00, 'Dinheiro', 'Cancelada'),
('2024-08-21', 21, 1, 340.00, 140.00, 'Cartão', 'Pendente'),
('2024-08-22', 22, 2, 360.00, 150.00, 'Boleto', 'Entregue'),
('2024-08-23', 23, 3, 380.00, 160.00, 'Pix', 'Cancelada'),
('2024-08-24', 24, 4, 400.00, 170.00, 'Dinheiro', 'Pendente'),
('2024-08-25', 25, 5, 420.00, 180.00, 'Cartão', 'Entregue'),
('2024-01-26', 26, 6, 440.00, 190.00, 'Pix', 'Cancelada'),
('2024-01-27', 27, 7, 460.00, 200.00, 'Dinheiro', 'Pendente'),
('2024-01-28', 28, 8, 480.00, 210.00, 'Boleto', 'Entregue'),
('2024-01-29', 29, 9, 500.00, 220.00, 'Cartão', 'Cancelada'),
('2024-01-30', 30, 10, 520.00, 230.00, 'Pix', 'Pendente'),
('2024-01-31', 31, 1, 540.00, 240.00, 'Dinheiro', 'Entregue'),
('2024-02-01', 32, 2, 560.00, 250.00, 'Cartão', 'Cancelada'),
('2024-02-02', 33, 3, 580.00, 260.00, 'Boleto', 'Pendente'),
('2024-02-03', 34, 4, 600.00, 270.00, 'Pix', 'Entregue'),
('2024-02-04', 35, 5, 620.00, 280.00, 'Dinheiro', 'Cancelada'),
('2024-02-05', 36, 6, 640.00, 290.00, 'Cartão', 'Pendente'),
('2024-05-06', 37, 7, 660.00, 300.00, 'Boleto', 'Entregue'),
('2024-02-07', 38, 8, 680.00, 310.00, 'Pix', 'Cancelada'),
('2024-07-08', 39, 9, 700.00, 320.00, 'Dinheiro', 'Pendente'),
('2024-09-09', 40, 10, 720.00, 330.00, 'Cartão', 'Entregue'),
('2024-10-10', 41, 1, 740.00, 340.00, 'Boleto', 'Cancelada'),
('2024-03-11', 42, 2, 760.00, 350.00, 'Pix', 'Pendente'),
('2024-02-12', 43, 3, 780.00, 360.00, 'Dinheiro', 'Entregue'),
('2024-05-13', 44, 4, 800.00, 370.00, 'Cartão', 'Cancelada'),
('2024-05-14', 45, 5, 820.00, 380.00, 'Pix', 'Pendente'),
('2024-07-15', 46, 6, 840.00, 390.00, 'Dinheiro', 'Entregue'),
('2024-09-16', 47, 7, 860.00, 400.00, 'Cartão', 'Cancelada'),
('2024-09-17', 48, 8, 880.00, 410.00, 'Boleto', 'Pendente'),
('2024-04-18', 49, 9, 900.00, 420.00, 'Pix', 'Entregue'),
('2024-04-19', 50, 10, 920.00, 430.00, 'Dinheiro', 'Cancelada');



INSERT INTO loja.endereco (fornecedor_cnpj, UF, cidade, bairro, rua, numero, complemento, CEP) VALUES
('10.101.101/0001-01', 'SP', 'São Paulo', 'Jardins', 'Avenida Paulista', 1000, 'Apto 101', '01310-000'),
('20.202.202/0001-02', 'RJ', 'Rio de Janeiro', 'Botafogo', 'Rua Voluntários da Pátria', 500, 'Casa', '22270-000'),
('30.303.303/0001-03', 'MG', 'Belo Horizonte', 'Lourdes', 'Rua da Bahia', 400, 'Bloco B', '30160-000'),
('40.404.404/0001-04', 'PR', 'Curitiba', 'Batel', 'Rua Visconde de Guarapuava', 700, 'Sala 501', '80420-000'),
('50.505.505/0001-05', 'CE', 'Fortaleza', 'Meireles', 'Avenida Beira Mar', 1200, 'Cobertura', '60165-001'),
('60.606.606/0001-06', 'AM', 'Manaus', 'Centro', 'Rua Sete de Setembro', 200, 'Casa 3', '69005-100'),
('70.707.707/0001-07', 'BA', 'Salvador', 'Barra', 'Avenida Oceânica', 1500, 'Sala 20', '40140-210'),
('80.808.808/0001-08', 'SP', 'São Paulo', 'Vila Mariana', 'Rua Domingos de Morais', 900, 'Apto 202', '04110-000'),
('90.909.909/0001-09', 'RJ', 'Rio de Janeiro', 'Leblon', 'Avenida Afrânio de Melo Franco', 400, 'Casa', '22430-002'),
('01.010.101/0001-10', 'MG', 'Belo Horizonte', 'Funcionários', 'Rua Ceará', 200, 'Bloco 2', '30150-320'),
('02.020.202/0001-11', 'PR', 'Curitiba', 'Centro', 'Rua XV de Novembro', 1200, 'Sala 301', '80060-000'),
('03.030.303/0001-12', 'CE', 'Fortaleza', 'Centro', 'Rua Pedro Jorge', 800, 'Cobertura', '60025-150'),
('04.040.404/0001-13', 'AM', 'Manaus', 'Adrianópolis', 'Avenida André Araújo', 250, 'Casa 5', '69060-001'),
('05.050.505/0001-14', 'BA', 'Salvador', 'Pituba', 'Avenida Sete de Setembro', 1200, 'Sala 15', '41810-000'),
('06.060.606/0001-15', 'SP', 'São Paulo', 'Itaim Bibi', 'Rua Quatá', 300, 'Apto 404', '04514-000'),
('07.070.707/0001-16', 'RJ', 'Rio de Janeiro', 'Copacabana', 'Rua Miguel Lemos', 500, 'Casa 6', '22061-020');


INSERT INTO loja.fornecedor_compra (Quantidade, fornecedor_cnpj, compras_idcompras) VALUES
(10, '10.101.101/0001-01', 1),
(5, '20.202.202/0001-02', 2),
(8, '30.303.303/0001-03', 3),
(12, '40.404.404/0001-04', 4),
(15, '50.505.505/0001-05', 5),
(7, '60.606.606/0001-06', 6),
(20, '70.707.707/0001-07', 7),
(10, '01.010.101/0001-10', 8),
(5, '20.202.202/0001-02', 9),
(8, '30.303.303/0001-03', 10),
(12, '40.404.404/0001-04', 11),
(15, '50.505.505/0001-05', 12),
(7, '60.606.606/0001-06', 13),
(20, '70.707.707/0001-07', 14),
(10, '80.808.808/0001-08', 15),
(5, '90.909.909/0001-09', 16),
(8, '10.101.101/0001-01', 17),
(12, '20.202.202/0001-02', 18),
(15, '30.303.303/0001-03', 19),
(7, '04.040.404/0001-13', 20),
(20, '50.505.505/0001-05', 21),
(10, '60.606.606/0001-06', 22),
(5, '70.707.707/0001-07', 23),
(8, '10.101.101/0001-01', 24),
(12, '20.202.202/0001-02', 25),
(15, '03.030.303/0001-12', 26),
(7, '40.404.404/0001-04', 27),
(20, '50.505.505/0001-05', 28),
(10, '60.606.606/0001-06', 29),
(5, '70.707.707/0001-07', 30),
(8, '10.101.101/0001-01', 31),
(12, '02.020.202/0001-11', 32),
(15, '30.303.303/0001-03', 33),
(7, '40.404.404/0001-04', 34),
(20, '05.050.505/0001-14', 35),
(10, '60.606.606/0001-06', 36),
(5, '70.707.707/0001-07', 37),
(8, '10.101.101/0001-01', 38),
(12, '20.202.202/0001-02', 39),
(15, '30.303.303/0001-03', 40),
(7, '40.404.404/0001-04', 41),
(20, '05.050.505/0001-14', 42),
(10, '60.606.606/0001-06', 43),
(5, '70.707.707/0001-07', 44),
(8, '10.101.101/0001-01', 45),
(12, '20.202.202/0001-02', 46),
(15, '30.303.303/0001-03', 47),
(7, '40.404.404/0001-04', 48),
(20, '50.505.505/0001-05', 49),
(10, '06.060.606/0001-15', 50);


INSERT INTO loja.compra (idcompras, cupomFiscal, dataComp, dataEntrega, desconto, valorFrete) VALUES
(1, 'CUPOM001', '2024-01-01', '2024-01-05', 40.00, 50.00),
(2, 'CUPOM002', '2024-01-05', '2024-01-10', 10.00, 40.00),
(3, 'CUPOM003', '2024-01-10', '2024-01-15', 20.00, 70.00),
(4, 'CUPOM004', '2024-01-15', '2024-01-20', 20.00, 30.00),
(5, 'CUPOM005', '2024-01-20', '2024-01-25', 15.00, 20.00),
(6, 'CUPOM006', '2024-01-25', '2024-02-01', 20.00, 25.00),
(7, 'CUPOM007', '2024-02-01', '2024-02-05', 30.00, 60.00),
(8, 'CUPOM008', '2024-02-05', '2024-02-10', 20.00, 45.00),
(9, 'CUPOM009', '2024-02-10', '2024-02-15', 25.00, 55.00),
(10, 'CUPOM010', '2024-02-15', '2024-02-20', 15.00, 35.00),
(11, 'CUPOM011', '2024-02-20', '2024-02-25', 30.00, 60.00),
(12, 'CUPOM012', '2024-02-25', '2024-03-01', 25.00, 50.00),
(13, 'CUPOM013', '2024-03-01', '2024-03-05', 20.00, 40.00),
(14, 'CUPOM014', '2024-03-05', '2024-03-10', 15.00, 30.00),
(15, 'CUPOM015', '2024-03-10', '2024-03-15', 35.00, 70.00),
(16, 'CUPOM016', '2024-03-15', '2024-03-20', 10.00, 20.00),
(17, 'CUPOM017', '2024-03-20', '2024-03-25', 15.00, 25.00),
(18, 'CUPOM018', '2024-03-25', '2024-04-01', 30.00, 60.00),
(19, 'CUPOM019', '2024-04-01', '2024-04-05', 25.00, 55.00),
(20, 'CUPOM020', '2024-04-05', '2024-04-10', 15.00, 40.00),
(21, 'CUPOM021', '2024-04-10', '2024-04-15', 40.00, 70.00),
(22, 'CUPOM022', '2024-04-15', '2024-04-20', 10.00, 30.00),
(23, 'CUPOM023', '2024-04-20', '2024-04-25', 15.00, 20.00),
(24, 'CUPOM024', '2024-04-25', '2024-05-01', 20.00, 25.00),
(25, 'CUPOM025', '2024-05-01', '2024-05-05', 0.00, 60.00),
(26, 'CUPOM026', '2024-05-05', '2024-05-10', 5.00, 45.00),
(27, 'CUPOM027', '2024-05-10', '2024-05-15', 10.00, 55.00),
(28, 'CUPOM028', '2024-05-15', '2024-05-20', 0.00, 35.00),
(29, 'CUPOM029', '2024-05-20', '2024-05-25', 15.00, 60.00),
(30, 'CUPOM030', '2024-05-25', '2024-06-01', 20.00, 50.00),
(31, 'CUPOM031', '2024-06-01', '2024-06-05', 0.00, 40.00),
(32, 'CUPOM032', '2024-06-05', '2024-06-10', 5.00, 30.00),
(33, 'CUPOM033', '2024-06-10', '2024-06-15', 10.00, 70.00),
(34, 'CUPOM034', '2024-06-15', '2024-06-20', 0.00, 20.00),
(35, 'CUPOM035', '2024-06-20', '2024-06-25', 15.00, 25.00),
(36, 'CUPOM036', '2024-06-25', '2024-07-01', 20.00, 60.00),
(37, 'CUPOM037', '2024-07-01', '2024-07-05', 0.00, 55.00),
(38, 'CUPOM038', '2024-07-05', '2024-07-10', 5.00, 40.00),
(39, 'CUPOM039', '2024-07-10', '2024-07-15', 10.00, 70.00),
(40, 'CUPOM040', '2024-07-15', '2024-07-20', 0.00, 30.00),
(41, 'CUPOM041', '2024-07-20', '2024-07-25', 15.00, 20.00),
(42, 'CUPOM042', '2024-07-25', '2024-08-01', 20.00, 25.00),
(43, 'CUPOM043', '2024-08-01', '2024-08-05', 0.00, 60.00),
(44, 'CUPOM044', '2024-08-05', '2024-08-10', 5.00, 45.00),
(45, 'CUPOM045', '2024-08-10', '2024-08-15', 10.00, 55.00),
(46, 'CUPOM046', '2024-08-15', '2024-08-20', 0.00, 35.00),
(47, 'CUPOM047', '2024-08-20', '2024-08-25', 15.00, 60.00),
(48, 'CUPOM048', '2024-08-25', '2024-09-01', 20.00, 50.00),
(49, 'CUPOM049', '2024-09-01', '2024-09-05', 0.00, 40.00),
(50, 'CUPOM050', '2024-09-05', '2024-09-10', 5.00, 30.00),
(51, 'CUPOM051', '2024-09-10', '2024-09-15', 10.00, 70.00),
(52, 'CUPOM052', '2024-09-15', '2024-09-20', 0.00, 20.00),
(53, 'CUPOM053', '2024-09-20', '2024-09-25', 15.00, 25.00),
(54, 'CUPOM054', '2024-09-25', '2024-10-01', 20.00, 60.00),
(55, 'CUPOM055', '2024-10-01', '2024-10-05', 0.00, 55.00),
(56, 'CUPOM056', '2024-10-05', '2024-10-10', 5.00, 40.00),
(57, 'CUPOM057', '2024-10-10', '2024-10-15', 10.00, 70.00),
(58, 'CUPOM058', '2024-10-15', '2024-10-20', 0.00, 30.00),
(59, 'CUPOM059', '2024-10-20', '2024-10-25', 15.00, 20.00),
(60, 'CUPOM060', '2024-10-25', '2024-11-01', 20.00, 25.00),
(61, 'CUPOM061', '2024-11-01', '2024-11-05', 0.00, 60.00),
(62, 'CUPOM062', '2024-11-05', '2024-11-10', 5.00, 45.00),
(63, 'CUPOM063', '2024-11-10', '2024-11-15', 10.00, 55.00),
(64, 'CUPOM064', '2024-11-15', '2024-11-20', 0.00, 35.00),
(65, 'CUPOM065', '2024-11-20', '2024-11-25', 15.00, 60.00),
(66, 'CUPOM066', '2024-11-25', '2024-12-01', 20.00, 50.00),
(67, 'CUPOM067', '2024-12-01', '2024-12-05', 0.00, 40.00),
(68, 'CUPOM068', '2024-12-05', '2024-12-10', 5.00, 30.00),
(69, 'CUPOM069', '2024-12-10', '2024-12-15', 10.00, 70.00),
(70, 'CUPOM070', '2024-12-15', '2024-12-20', 0.00, 20.00),
(71, 'CUPOM071', '2024-12-20', '2024-12-25', 15.00, 25.00),
(72, 'CUPOM072', '2024-12-25', '2025-01-01', 20.00, 60.00),
(73, 'CUPOM073', '2025-01-01', '2025-01-05', 0.00, 55.00),
(74, 'CUPOM074', '2025-01-05', '2025-01-10', 5.00, 40.00),
(75, 'CUPOM075', '2025-01-10', '2025-01-15', 10.00, 70.00),
(76, 'CUPOM076', '2025-01-15', '2025-01-20', 0.00, 30.00),
(77, 'CUPOM077', '2025-01-20', '2025-01-25', 15.00, 20.00),
(78, 'CUPOM078', '2025-01-25', '2025-02-01', 20.00, 25.00),
(79, 'CUPOM079', '2025-02-01', '2025-02-05', 0.00, 60.00),
(80, 'CUPOM080', '2025-02-05', '2025-02-10', 5.00, 45.00);

INSERT INTO loja.item_compra (Quantidade, valorComp, compras_idcompras, produto_ID_Produto) VALUES
(10, 500.00, 1, 1),
(5, 1000.00, 1, 2),
(20, 225.00, 2, 3),
(15, 300.00, 2, 4),
(12, 700.00, 3, 5),
(25, 150.00, 3, 6),
(30, 200.00, 4, 7),
(15, 450.00, 4, 8),
(10, 600.00, 5, 9),
(8, 750.00, 5, 10),
(10, 400.00, 6, 11),
(20, 120.00, 6, 12),
(25, 350.00, 7, 13),
(30, 200.00, 7, 14),
(18, 500.00, 8, 15),
(7, 900.00, 8, 16),
(22, 270.00, 9, 17),
(12, 320.00, 9, 18),
(15, 640.00, 10, 19),
(10, 950.00, 10, 20),
(16, 320.00, 11, 21),
(11, 380.00, 11, 22),
(20, 200.00, 12, 23),
(25, 150.00, 12, 24),
(8, 900.00, 13, 25),
(15, 540.00, 13, 26),
(10, 350.00, 14, 27),
(5, 620.00, 14, 28),
(20, 450.00, 15, 29),
(30, 320.00, 15, 30),
(12, 550.00, 16, 31),
(15, 400.00, 16, 32),
(10, 200.00, 17, 33),
(10, 100.00, 17, 34),
(20, 1000.00, 18, 35),
(15, 350.00, 18, 36),
(8, 900.00, 19, 37),
(10, 500.00, 19, 38),
(15, 350.00, 20, 39),
(20, 1000.00, 20, 40),
(5, 700.00, 21, 41),
(10, 400.00, 21, 42),
(25, 1200.00, 22, 43),
(15, 300.00, 22, 44);

INSERT INTO loja.promocao (ID_Promocao, Nome_Promocao, Desconto_Percentual, Data_Inicio, Data_Fim) VALUES
(1, 'Desconto de Verão', 10.00, '2024-01-01', '2024-01-31'),
(2, 'Promoção de Carnaval', 15.00, '2024-02-10', '2024-02-20'),
(3, 'Semana do Consumidor', 20.00, '2024-03-12', '2024-03-19'),
(4, 'Queima de Estoque', 25.00, '2024-04-01', '2024-04-07'),
(5, 'Black Friday', 30.00, '2024-11-23', '2024-11-30'),
(6, 'Cyber Monday', 35.00, '2024-12-01', '2024-12-05'),
(7, 'Natal Solidário', 20.00, '2024-12-20', '2024-12-25'),
(8, 'Ano Novo com Desconto', 15.00, '2024-12-26', '2025-01-02');

INSERT INTO loja.item_venda (ID_Venda, ID_Produto, Quantidade) VALUES
(1, 1, 2),
(1, 2, 1),
(2, 3, 5),
(2, 4, 2),
(3, 5, 4),
(3, 6, 3),
(4, 7, 6),
(4, 8, 1),
(5, 9, 2),
(5, 10, 1),
(6, 11, 5),
(6, 12, 10),
(7, 13, 8),
(7, 14, 4),
(8, 15, 3),
(8, 16, 5),
(9, 17, 6),
(9, 18, 7),
(10, 19, 5),
(10, 20, 1),
(11, 21, 3),
(11, 22, 2),
(12, 23, 5),
(12, 24, 1),
(13, 25, 7),
(13, 26, 5),
(14, 27, 1),
(14, 28, 2),
(15, 29, 10),
(15, 30, 5),
(16, 31, 4),
(16, 32, 2),
(17, 33, 1),
(17, 34, 3),
(18, 35, 5),
(18, 36, 4),
(19, 37, 2),
(19, 38, 5),
(20, 39, 1),
(20, 40, 3),
(21, 41, 6),
(21, 42, 2),
(22, 43, 1),
(22, 44, 5);
